CREATE TABLE CUSTOMER_CSEA_52(CUSTOMERID NUMBER(7),CUSTOMERNAME VARCHAR(15),CONTACTNO NUMBER(15),ADDRESS VARCHAR(35),CITY VARCHAR(10),POSTALCODE NUMBER(10),COUNTRY VARCHAR(10),PRIMARY KEY(CUSTOMERID));
CREATE TABLE ORDERS_CSEA_52(ORDERID NUMBER(7),CUSTOMERID NUMBER(7),EMPLOYEEID NUMBER(7),ORDERDATE DATE,SHIPPERID VARCHAR(7),PRIMARY KEY(ORDERID),FOREIGN KEY(CUSTOMERID) REFERENCES CUSTOMER_CSEA_52(CUSTOMERID),FOREIGN KEY(EMPLOYEEID) REFERENCES EMPLOYEES_CSEA_52(EMPLOYEEID));
CREATE TABLE EMPLOYEES_CSEA_52(EMPLOYEEID NUMBER(7),FIRSTNAME VARCHAR(7),LASTNAME VARCHAR(8),BIRTHDATE DATE,PHOTO VARCHAR(5),PRIMARY KEY(EMPLOYEEID));
DESC CUSTOMER_CSEA_52;
DESC EMPLOYEES_CSEA_52;
DESC ORDERS_CSEA_52;
INSERT INTO CUSTOMER_CSEA_52 VALUES(100,'Akshay Kumar',9234212312,'Room no:302,Skyline Apartments','Bangalore',345632,'India');
INSERT INTO CUSTOMER_CSEA_52 VALUES(101,'Olivia James',1266543231,'S. R. M. St','Maine',234521,'USA');
INSERT INTO CUSTOMER_CSEA_52 VALUES(102,'Bifin James',9321992142,'Mathattil(H)','Bangalore',345632,'India');
INSERT INTO CUSTOMER_CSEA_52 VALUES(103,'Sam John',4312432111,'RS Colony','Yukon',456678,'Canada');
INSERT INTO CUSTOMER_CSEA_52 VALUES(104,'Don Jacob',1177234210,'Racula Village','Texas',214312,'USA');
INSERT INTO CUSTOMER_CSEA_52 VALUES(105,'Smith Sebastian',7654667321,'Tiltiler Village','Bangalore',345632,'India');
INSERT INTO CUSTOMER_CSEA_52 VALUES(106,'Kishore J',7653214567,'Room no:45,Were Apartments','Bangalore',345632,'India');
SELECT * FROM CUSTOMER_CSEA_52;
INSERT INTO EMPLOYEES_CSEA_52 VALUES(200,'Alice','James','10-oct-2012','NULL');
INSERT INTO EMPLOYEES_CSEA_52 VALUES(201,'Sam','Sibi','01-dec-1979','NULL');
INSERT INTO EMPLOYEES_CSEA_52 VALUES(202,'Manu','P.V','19-mar-2015','NULL');
INSERT INTO EMPLOYEES_CSEA_52 VALUES(203,'Ravi','Ashith','21-sep-1980','NULL');
INSERT INTO EMPLOYEES_CSEA_52 VALUES(204,'Vijaya','Raj','10-nov-2013','NULL');
SELECT * FROM EMPLOYEES_CSEA_52;
INSERT INTO ORDERS_CSEA_52 VALUES(300,101,203,'22-oct-1984','40F');
INSERT INTO ORDERS_CSEA_52 VALUES(301,102,200,'22-feb-2014','40A');
INSERT INTO ORDERS_CSEA_52 VALUES(302,104,204,'19-sep-2015','40D');
INSERT INTO ORDERS_CSEA_52 VALUES(303,101,202,'27-aug-2018','40I');
INSERT INTO ORDERS_CSEA_52 VALUES(304,104,200,'25-jul-2019','40Z');
INSERT INTO ORDERS_CSEA_52 VALUES(305,101,200,'22-dec-2019','40G');
SELECT * FROM ORDERS_CSEA_52;


SELECT * FROM CUSTOMER_CSEA_52 ORDER BY CUSTOMERNAME;


SELECT * FROM ORDERS_CSEA_52 ORDER BY ORDERDATE;


SELECT EMPLOYEEID,FIRSTNAME,LASTNAME,BIRTHDATE FROM EMPLOYEES_CSEA_52 WHERE BIRTHDATE>'31-DEC-1980' ORDER BY BIRTHDATE DESC;


SELECT * FROM ORDERS_CSEA_52 WHERE CUSTOMERID IN(SELECT CUSTOMERID FROM CUSTOMER_CSEA_52 WHERE COUNTRY='USA') ORDER BY ORDERDATE DESC;


SELECT CUSTOMERNAME,COUNT(CUSTOMERID) AS TOTAL_ORDERS FROM ORDERS_CSEA_52 NATURAL JOIN CUSTOMER_CSEA_52 GROUP BY CUSTOMERNAME;


SELECT CITY,COUNT(CUSTOMERNAME) AS TOTAL_CUSTOMERS FROM CUSTOMER_CSEA_52 GROUP BY CITY;



SELECT CUSTOMERNAME FROM ORDERS_CSEA_52 NATURAL JOIN CUSTOMER_CSEA_52 GROUP BY CUSTOMERNAME HAVING COUNT(CUSTOMERNAME)>2;


SELECT CITY FROM CUSTOMER_CSEA_52 GROUP BY CITY HAVING COUNT(CITY)>3;
COMMIT;




