CREATE TABLE BOOK(BOOK_ID NUMBER(7),TITLE VARCHAR(30),LANGUAGE_ID NUMBER(7),MRP NUMBER(5),PUBLISHER_ID NUMBER(7),PUBLISHED_DATE DATE,VOLUME VARCHAR(10),STATUS VARCHAR(15),PRIMARY KEY(BOOK_ID),FOREIGN KEY(LANGUAGE_ID) REFERENCES LANGUAGE(LANGUAGE_ID),FOREIGN KEY(PUBLISHER_ID) REFERENCES PUBLISHER(PUBLISHER_ID));
CREATE TABLE AUTHOR(AUTHOR_ID NUMBER(7),NAME VARCHAR(20),EMAIL VARCHAR(35),PHONE_NUBER NUMBER(15),STATUS VARCHAR(10),PRIMARY KEY(AUTHOR_ID));
CREATE TABLE BOOK_AUTHOR(BOOK_ID NUMBER(7),AUTHOR_ID NUMBER(7),PRIMARY KEY(BOOK_ID,AUTHOR_ID),FOREIGN KEY(BOOK_ID) REFERENCES BOOK(BOOK_ID),FOREIGN KEY(AUTHOR_ID) REFERENCES AUTHOR(AUTHOR_ID));
CREATE TABLE PUBLISHER(PUBLISHER_ID NUMBER(7),NAME VARCHAR(20),ADDRESS VARCHAR(35),PRIMARY KEY(PUBLISHER_ID));
CREATE TABLE MEMBER(MEMBER_ID NUMBER(7),NAME VARCHAR(20),BRANCH_CODE NUMBER(5),ROLL_NUMBER NUMBER(5),PHONE_NUBER NUMBER(15),EMAIL VARCHAR(35),DATE_OF_JOIN DATE,STATUS VARCHAR(10),PRIMARY KEY(MEMBER_ID));
CREATE TABLE BOOK_ISSUE(ISSUE_ID NUMBER(7),DATE_OF_ISSUE DATE,BOOK_ID NUMBER(7),MEMBER_ID NUMBER(7),EXPECTED_DATE_OF_RETURN DATE,STATUS VARCHAR(10),PRIMARY KEY(ISSUE_ID),FOREIGN KEY(BOOK_ID) REFERENCES BOOK(BOOK_ID),FOREIGN KEY(MEMBER_ID) REFERENCES MEMBER(MEMBER_ID));
CREATE TABLE BOOK_RETURN(ISSUE_ID NUMBER(7),ACTUAL_DATE_OF_RETURN DATE,LATE_DAYS VARCHAR(10),LATE_FEE NUMBER(5),PRIMARY KEY(ISSUE_ID),FOREIGN KEY(ISSUE_ID) REFERENCES BOOK_ISSUE(ISSUE_ID));
CREATE TABLE LANGUAGE(LANGUAGE_ID NUMBER(7),NAME VARCHAR(10),PRIMARY KEY(LANGUAGE_ID));
CREATE TABLE LATE_FEE_RULE(FROM_DAYS DATE,TO_DAYS DATE,AMOUNT NUMBER(5),PRIMARY KEY(FROM_DAYS,TO_DAYS,AMOUNT));
ALTER TABLE LANGUAGE MODIFY NAME VARCHAR(10);
ALTER TABLE BOOK_ISSUE MODIFY STATUS VARCHAR(15);
DESC AUTHOR;
INSERT INTO AUTHOR VALUES(2000,'J. K. Rowling','jkrowling@gmail.com',1254332112,'Available');
INSERT INTO AUTHOR VALUES(2001,'R. L. Stine','rlstine@gmail.com',4322312131,'Available');
INSERT INTO AUTHOR VALUES(2002,'William Shakespeare','william@gmail.com',5678231231,'Unavailable');
INSERT INTO AUTHOR VALUES(2003,'Bram Stoker','bramstoker@gmail.com',6423123121,'Unavailable');
INSERT INTO AUTHOR VALUES(2004,'Lily King','lily@gmail.com',1200342412,'Available');
SELECT * FROM AUTHOR;
DESC PUBLISHER;
INSERT INTO PUBLISHER VALUES(3000,'Merin James','Salha Village,Bangalore');
INSERT INTO PUBLISHER VALUES(3001,'Abraham John','A. R Apartments,Paris');
INSERT INTO PUBLISHER VALUES(3002,'Vijay Kumar','Manhotta,Kokatta');
INSERT INTO PUBLISHER VALUES(3003,'Salim Samuel','Elgyin Village,Oran');
INSERT INTO PUBLISHER VALUES(3004,'Eltiya Sam','Gandhi St.,Canada');
SELECT * FROM PUBLISHER;
DESC MEMBER;
INSERT INTO MEMBER VALUES(4000,'Sam Sibi',104,9000,7034231121,'samsibi@gmail.com','10-apr-2012','Available');
INSERT INTO MEMBER VALUES(4001,'Mellina Thomas',107,9001,9834213121,'mellinathomas@gmail.com','01-jan-2014','Unavailable');
INSERT INTO MEMBER VALUES(4002,'Jihil Reji',102,9002,6252321231,'jihilreji@gmail.com','09-sep-2011','Available');
INSERT INTO MEMBER VALUES(4003,'Akash Raj',101,9003,9021034211,'akashraj@gmail.com','22-feb-2009','Available');
INSERT INTO MEMBER VALUES(4004,'Zechria Thomson',103,9004,9233212134,'zechriathomson@gmail.com','19-mar-2000','Unavailable');
SELECT * FROM MEMBER;
DESC LANGUAGE;
INSERT INTO LANGUAGE VALUES(6000,'English');
INSERT INTO LANGUAGE VALUES(6001,'Malayalam');
INSERT INTO LANGUAGE VALUES(6002,'German');
INSERT INTO LANGUAGE VALUES(6003,'Spanish');
INSERT INTO LANGUAGE VALUES(6004,'Sanskrit');
SELECT * FROM LANGUAGE;
DESC BOOK;
INSERT INTO BOOK VALUES(1000,'Dracula',6000,689,3003,'10-apr-2011','Vol. 1','Available');
INSERT INTO BOOK VALUES(1001,'Monster Blood',6002,1200,3000,'15-mar-2001','Vol. 4','Unavailable');
INSERT INTO BOOK VALUES(1002,'The Squaw',6000,578,3003,'21-dec-2013','Vol. 2','Available');
INSERT INTO BOOK VALUES(1003,'The Tragedy of Macbeth',6002,2450,3000,'01-jan-2010','Vol. 1','Unavailable');
INSERT INTO BOOK VALUES(1004,'Nightmare Hour',6000,889,3003,'24-feb-2014','Vol. 8','Available');
INSERT INTO BOOK VALUES(1005,'Harry Potter',6002,990,3004,'12-nov-2012','Vol. 11','Available');
INSERT INTO BOOK VALUES(1006,'The Tempest',6000,1520,3003,'10-apr-2014','Vol. 12','Unavailable');
INSERT INTO BOOK VALUES(1007,'Euphoria',6004,460,3004,'19-jun-2000','Vol. 2','Available');
INSERT INTO BOOK VALUES(1008,'The Cuckoo is Calling',6004,630,3000,'20-jul-2015','Vol. 10','Available');
SELECT * FROM BOOK;
DESC BOOK_AUTHOR;
INSERT INTO BOOK_AUTHOR VALUES(1000,2003);
INSERT INTO BOOK_AUTHOR VALUES(1001,2001);
INSERT INTO BOOK_AUTHOR VALUES(1002,2003);
INSERT INTO BOOK_AUTHOR VALUES(1003,2002);
INSERT INTO BOOK_AUTHOR VALUES(1004,2001);
INSERT INTO BOOK_AUTHOR VALUES(1005,2000);
INSERT INTO BOOK_AUTHOR VALUES(1006,2002);
INSERT INTO BOOK_AUTHOR VALUES(1007,2004);
INSERT INTO BOOK_AUTHOR VALUES(1008,2000);
SELECT * FROM BOOK_AUTHOR;
DESC BOOK_ISSUE;
INSERT INTO BOOK_ISSUE VALUES(5000,'10-sep-2015',1000,4002,'21-oct-2015','Available');
INSERT INTO BOOK_ISSUE VALUES(5001,'01-feb-2016',1005,4002,'11-apr-2016','Available');
INSERT INTO BOOK_ISSUE VALUES(5002,'21-mar-2017',1008,4000,'31-jul-2017','Unavailable');
INSERT INTO BOOK_ISSUE VALUES(5003,'09-jul-2017',1004,4003,'19-sep-2017','Available');
INSERT INTO BOOK_ISSUE VALUES(5004,'17-jan-2018',1002,4000,'27-jul-2018','Unavailable');
SELECT * FROM BOOK_ISSUE;
DESC BOOK_RETURN;
INSERT INTO BOOK_RETURN VALUES(5000,'21-oct-2015','2 days',10);
INSERT INTO BOOK_RETURN VALUES(5001,'11-apr-2016','Null',0);
INSERT INTO BOOK_RETURN VALUES(5002,'31-jul-2017','10 days',100);
INSERT INTO BOOK_RETURN VALUES(5003,'19-sep-2017','Null',0);
INSERT INTO BOOK_RETURN VALUES(5004,'27-jul-2018','47 days',470);
SELECT * FROM BOOK_RETURN;
DESC LATE_FEE_RULE;
INSERT INTO LATE_FEE_RULE VALUES('22-oct-2015','23-oct-2015',10);
INSERT INTO LATE_FEE_RULE VALUES('1-aug-2017','10-aug-2017',100);
INSERT INTO LATE_FEE_RULE VALUES('28-jul-2018','9-sep-2018',470);
SELECT * FROM LATE_FEE_RULE;



INSERT INTO BOOK VALUES(1009,'Pleasing Hour',6002,750,3003,'24-oct-2017','Vol. 5','Available');
SELECT * FROM BOOK;

ALTER TABLE BOOK DROP FOREIGN KEY='SYS_C008321';
ALTER TABLE MEMBER ADD ADDRESS NUMBER(30);
ALTER TABLE MEMBER MODIFY ADDRESS VARCHAR(30);


ALTER TABLE BOOK DROP CONSTRAINT SYS_C008321;
ALTER TABLE PUBLISHER DROP PRIMARY KEY;
TRUNCATE TABLE PUBLISHER;
SELECT * FROM PUBLISHER;
DESC PUBLISHER;


ALTER TABLE BOOK_AUTHOR DROP CONSTRAINT SYS_C008324;
ALTER TABLE BOOK_AUTHOR DROP PRIMARY KEY;
ALTER TABLE AUTHOR DROP PRIMARY KEY;
DROP TABLE AUTHOR;
SELECT SELECT * FROM AUTHOR;
DESC AUTHOR;



ALTER TABLE LATE_FEE_RULE RENAME TO FINE;
DESC FINE;

ALTER TABLE MEMBER DROP COLUMN ADDRESS;

COMMIT;



